Restaurant name,Restaurant Rating,Restaurant latitude,Restaurant longitude
Tipicos Antojitos Hondureños,4.4,30.27581731178985,-81.60427787632109
904 Deli,4.4,30.19392150500615,-81.57776956494293
China Buffet,2.9,30.31941,-81.55376
Fatboy Fried Rice,4.3,30.286517623632925,-81.52428979999999
The Loop Pizza Grill,3.6,30.1957780849801,-81.6221998129669
Freddy's Frozen Custard & Steakburgers,3.3,30.263419,-81.52922809631254
Noodles & Company,3.1,30.259863,-81.527875
Cafe Frisch,5.0,30.3348,-81.6589
Green Tea,4.0,30.1949373368499,-81.6224381456895
Red Lobster,2.6,30.32982,-81.550969
European Bakery,4.8,30.2222230182814,-81.5932501852512
Le Crepes,4.5,30.184597,-81.5535033
Springfield Scoops,4.5,30.346009,-81.653775
Golden Eggroll,4.1,30.31322,-81.57434
Paleteria Magia Fresca,4.2,30.26414,-81.63045
Cuba Libre Bar,2.8,30.305435,-81.637485
E Z Grill,4.6,30.33316,-81.58831
Jacksonville Naval Museum,5.0,30.323927270640297,-81.65709849447012
Jersey Mike's Subs,3.9,30.262060149488747,-81.62545306957404
Bamboo Express,3.9,30.2605391142276,-81.6456981890817
Chocolate Fashion,3.9,25.7485406845808,-80.2596089243889
Manantial Market Place,4.4,25.7701921,-80.3058713
Talkin Tacos - Wynwood,4.3,25.799525,-80.198169
Pinocchio On The Bay,4.5,25.79409,-80.187073
Cuban Guys - Flagler,4.3,25.76993,-80.33018
K Pizza,4.6,25.692508,-80.306064
Gyroville,3.9,25.6854457523934,-80.3644753710712
Imperial Tea,4.1,25.686501,-80.3138929
El Porton de la Flaca,4.6,25.787303,-80.36975
Love 'n Gyros,4.3,25.80341,-80.1954
The Taurus,3.6,25.724872,-80.245407
Kings Dining & Entertainment - Doral,4.0,25.807059,-80.3317637
Super Subs,4.4,25.7333399,-80.2984199
Bubba Gump Shrimp,2.9,25.7783752,-80.1872277
The Better Taco,4.7,25.8095556,-80.28933359999999
Gramps,4.2,25.7996102,-80.1982861
Keik Bakeshop,4.3,25.7870253,-80.33741719999999
Mr Baguette - Wynwood,4.5,25.801874,-80.194846
Doggi's Arepa Bar,4.0,25.84214,-80.18411
Tani Thai Restaurant,4.1,25.6564980782732,-80.3277826309204
PDQ Chicken,4.2,28.04345113270515,-82.58138773620627
LongHorn Steakhouse,3.7,28.065625,-82.573723
Elevenses,4.9,27.9667406,-82.44893619999999
Crafty Crab,3.4,28.078391,-82.506121
Ro Hyde Park,3.9,27.937184304275196,-82.474997
Tokyo,3.8,27.99698,-82.57017
Mr. C's Grilled Cheese,4.6,28.04592,-82.50414
Ybor Seoul,4.4,27.96019312166033,-82.44198430935707
LongHorn Steakhouse,3.5,28.0550995,-82.4363166
GameTime,3.1,27.9611161407738,-82.4409069126781
Waffle House,3.9,27.9668549,-82.492423
The Attic Cafe,3.4,27.96046,-82.43731
Ybor City Tap House,3.7,27.9603349660829,-82.4416
Mamajuana café tampa,3.3,28.030765,-82.540797
Tacos Mi Rancho,4.5,28.044055,-82.504372
Woody's Famous Salads,4.4,27.9278767,-82.5055626
BluWave Sushi,4.4,27.914346,-82.527062
Sushi Avenue,3.8,28.0814,-82.42756
Tsaocaa,4.5,28.0541851,-82.394206
Restaurante La Hacienda,4.4,28.01769,-82.485054
Mr. Gyros,4.3,28.504785,-81.396583
Camel Tow Taco,4.7,28.455885077939115,-81.4710755655485
Gator's Dockside,2.9,28.515403,-81.378503
Miller's Ale House,3.3,28.4446876116058,-81.40183524492731
Tacos El Rancho,3.9,28.44299,-81.42853
Twistee Treat - Curry Ford,3.8,28.52391128788117,-81.3289165239773
Rico Chino,3.7,28.4743404,-81.30913880237159
The Soda Fountain,4.0,28.5745487213135,-81.3891677856445
Bandeja Paisa,3.7,28.3807843095019,-81.4240128477463
Yogurt Breeze,4.2,28.411829,-81.241528
Natsu Omakase,4.9,28.55480793963934,-81.37905063268815
Baldwin Park,4.4,28.56809,-81.32649
The Hen House,4.4,28.5426373,-81.378984
Sazoncito - Latin Food,3.8,28.498088,-81.3104824
Sugarmee,4.3,28.45628,-81.31097
The Twisted Handle,3.5,28.56615,-81.364895
Washington Shores Fish Market,4.3,28.5275188377937,-81.4211518429917
Bricks & Bowls,4.5,28.48899,-81.42948
Matt's Latin BBQ,3.1,28.4680013,-81.3085947
Mecatos Bakery & Café,3.9,28.54284,-81.37916279503709
Vino Simpatico,4.3,27.7631223280655,-82.7343105153244
Kung Fu Tea,3.8,27.841959,-82.700803
Central Coffee Shoppe,3.8,27.770904,-82.640892
Scooter's Coffee,4.9,27.838895485026608,-82.6975494
DeLosa's Pizza,3.2,27.7854,-82.78194
The Deck Bar & Grille,3.4,27.71363062007594,-82.7146830101052
Spring Garden Family Restaurant,4.2,27.82812,-82.64848
Rack City Ribz,4.8,27.839736,-82.382189
Rizzotto's Pizzeria,4.3,27.8756484,-82.7873457
Speggtacular,4.2,27.8937,-82.74804
Luna Euro Grill & Cafe,4.6,27.84851,-82.69973
Green Market Cafe,4.6,27.84374,-82.7951
Seminole Subs & Gyros,4.1,27.8801129,-82.7867628
Applebee's Grill + Bar,2.4,27.815106,-82.638905
Maggie on the Move,3.7,27.7926172674628,-82.7249908447266
The Duke Of Ribs,4.9,27.791653,-82.6654006
Outback Steakhouse,2.9,27.789835093213263,-82.63876961165668
Drunken Clam,3.8,27.720631712078976,-82.73930277435583
Chili's,2.7,27.83758,-82.6831799
Chicken Salad Chick,3.8,27.784612,-82.638353
Superblue Miami,3.8,25.79923880600799,-80.21448172900871
Casa China,3.9,25.881803,-80.292815
Craig's Cafe and Bakery,4.7,25.898192551579776,-80.3730741137382
SushiRiko ,5.0,25.88168,-80.35191
Bryan Cafeteria Restaurant,3.7,25.82625,-80.27368
Manantial Market Place,4.4,25.7701921,-80.3058713
Lime Fresh Mexican Grill,3.7,25.8091632,-80.3353254
Just Salad,4.5,25.80848,-80.336627
Tres Monitos Bakery,3.5,25.8710252,-80.3076479
Carrabba's Italian Grill,3.4,25.769592,-80.346332
Antigua Guatemala Restaurant,3.8,25.7725830078125,-80.2399215698242
Los Jalapeños Taqueria,4.2,25.770317,-80.417605
Vegan Art by Indira,4.8,25.79450761,-80.22214221
Ciboney Cuban Restaurant,3.3,25.9415101,-80.3071349
The Frances Gelato and Custom Cakes,4.4,25.8408242945244,-80.28193561939283
Fritanga El Malecon,3.9,25.867431640625,-80.2762832641602
Fonda Dulce Jesus Mio Miami,2.6,25.9257199,-80.31215
El Yoyito Restaurant Y Cafeteria,3.6,25.86752,-80.27285
Bar-B-Que Ribs Chicken & Jerk Shack,3.8,25.8847519853341,-80.2426274042949
Vicky Bakery,2.8,25.87225,-80.315637
Don Anthonys Pizza and More,5.0,26.5809307,-81.9912186
7-Eleven,4.0,26.5610832594801,-81.9575518369675
IHOP,2.8,26.55554,-81.87126
Perkins Restaurant & Bakery,3.3,26.6645874171483,-81.8867281079292
Roosters Barn And Grill,2.9,26.52104,-81.89936
Starbucks,3.7,26.55603360000003,-81.89673572170072
Taco Bell,1.9,26.651152678677185,-81.97465980239045
Yellow Fever Creek Preserve,4.7,26.7056604000691,-81.94048060981
Latino’s Joint,5.0,26.60209883,-81.9749825
Dynamite Street Eatz,3.5,26.642874,-81.864288
Wild Burger,5.0,26.65062398978288,-81.9796347631328
Delectable by Design,5.0,26.5053157806396,-81.9483261108398
Domino's Pizza,2.5,26.6304703,-81.9402466
Deep Down South BBQ,3.1,26.5888739,-81.86915820000002
El Gran Taco Loco,5.0,26.636465,-82.038276
Buddha Bar & Grill,3.3,26.5580959320068,-81.909294128418
Capone's Pizza & Restaurant,3.7,26.6626491546631,-81.9402847290039
Zaxby's Chicken Fingers & Buffalo Wings,2.9,26.569312491350843,-81.87136112390155
The Munchie Machine,1.0,26.56298,-81.95159
Dunkin',1.7,26.66784110303339,-81.93895386290028
Tropical Smoothie Cafe,2.6,30.4461442,-84.3185930725186
North Florida Wildlife Center,4.8,30.452254991568044,-83.91131364652041
Civil Rights Heritage Walk,4.0,30.4400893,-84.2825128
Dairy Queen Grill & Chill,2.5,30.4763801997012,-84.3625465035439
Zaxby's Chicken Fingers & Buffalo Wings,2.8,30.5599616,-84.2196260743369
Yes Chef! Cafe,4.0,30.4330034,-84.29176450644006
Tiki Dawgs,5.0,30.47789,-84.36587
Pizza Hut,5.0,30.46416241413054,-84.22871704550006
Little Caesars Pizza,2.1,30.43539,-84.26277
Taco Bell,2.8,30.409881,-84.280753
Bojangles,4.0,30.446475,-84.319368
Eyes Of Texas Cafe,4.0,30.4567664812908,-84.2606254559439
Trail Break Cafe,3.4,30.41022,-84.34435
Firehouse Subs,3.3,30.46091,-84.36166
Declaration Statue,5.0,30.4355056000267,-84.2982006676274
McDonald's,1.2,30.4410036034044,-84.3199284615844
Althemese Pemberton Barnes Park at Smokey Hallow,4.0,30.43870427,-84.27658021
Moe's Southwest Grill,2.0,30.50710017462237,-84.24880083477908
McDonald's,1.5,30.4020849226837,-84.2361634178178
Sonic Drive-In,1.4,30.4605965,-84.3617036231262
Snyder Park,4.3,26.08271277263237,-80.148185
Downtown Cigar Bar,4.8,26.1136819972673,-80.1434813439846
New River Cafe and Bakery,4.4,26.118486,-80.136949
Hugh Taylor Birch State Park,4.2,26.1382949,-80.104748
Tortillería Mexicana,4.2,26.1777744,-80.1344528
Mini Pita Mediterranean Restaurant,4.4,26.23207,-80.09814
Infinity Lounge,3.4,26.1557237,-80.1388157
Jet's Pizza,3.7,26.16657,-80.12949
Kabobji - Davie,4.4,26.04724794710416,-80.24987307320036
Sarpino's Pizzeria,3.3,26.121731322686564,-80.14222704110625
My Market & Deli,3.9,26.10042,-80.14479
All Spice Jamaican Restaurant,3.7,26.13631900794958,-80.15415895889589
The Fresh Squeeze,4.5,26.052393,-80.1369598
The Magic Cow,4.9,26.067323,-80.251527
Vinnie's by the Sea,3.7,26.18954017,-80.09622267
The Bite Eatery,4.3,26.232365,-80.096042
R.O.K.,4.0,26.186765,-80.251167
El Patio Colombian Restaurant,3.9,26.0541879,-80.2074954
Casavana Restaurante,3.1,26.0693449992295,-80.1437740137716
Al Salam Halal Mediterranean Restaurant ,4.1,26.149201,-80.255816
Ken & Mike's Pizza Pasta & More,3.4,25.9224,-80.30854
Don Pan,2.8,26.008454,-80.295006
POC American Fusion Buffet & Sushi,3.6,26.0994762,-80.3775949
Los Antojitos Tacos,4.6,26.00959,-80.24863
La flor de tamarindo,4.6,26.007138,-80.362381
Miramar Pineland Park,4.5,25.9771867824736,-80.2473477949677
Waffle House,3.3,26.061273,-80.346511
Luv'N Oven Pizza & Pasta,3.5,26.0640011,-80.2764359
Smokey Bears Bbq & Catering,5.0,26.02013,-80.34243
Santino's Pizza & Pasta,3.0,26.009301,-80.390291
Starbucks,3.0,26.0078439,-80.2749249
Yum Korea,3.6,26.09794,-80.38101
La Hormiga De Oro,3.7,26.0088061273255,-80.2458991496681
Hoffman's Sweet Shoppe,4.2,26.1106285782217,-80.2520594042992
Chez Katu,4.0,25.994533,-80.2302361
Edible Creations,3.8,26.0440942,-80.2779874
Saigon Baguette Vietnamese Sandwiches,4.3,26.04538667,-80.22586333
Bricked Burgers,4.1,25.689487564159094,-80.38674207194474
Wawa,4.1,26.0456444740826,-80.2301275987246
World Famous,3.6,25.95100525,-80.245143
Mauro Cafe,4.2,34.0834770202637,-118.366485595703
Le Comptoir,4.1,34.063453,-118.3007158
Guisados,4.4,34.0702395145121,-118.250448424643
LAces,4.6,34.074031944589144,-118.3096658611664
California Pizza Kitchen,3.4,34.10279,-118.339309
Avra Beverly Hills,4.0,34.0674763148473,-118.399656802222
Tam O'Shanter,3.9,34.125484,-118.264194
Melrose Cafe,4.4,34.09567,-118.29596
Hanabi Sushi Bar,4.5,34.076016,-118.2950192
Sonoratown,4.5,34.05396,-118.35523
Soho House West Hollywood,4.3,34.089801158221,-118.392811079327
Wat Dong Moon Lek Noodle,3.9,34.0954504683199,-118.28494475374
KazuNori | Mid-Wilshire,4.3,34.06372,-118.36446
KazuNori | DTLA,4.4,34.0476390576719,-118.247747561303
The Vine Street Deli,4.3,34.09375,-118.32724
The Drunken Burrito,4.6,34.10181294224333,-118.33488602578164
Hoys Wok Chinese Food,4.6,34.073278849760705,-118.3769215
Seoul Pho,4.2,34.06577,-118.30847
Noya Kitchen,4.6,34.068773,-118.305728
GRANVILLE,4.6,34.164681,-118.373756
Citizens Field,2.5,29.6626205742359,-82.3068767040968
Circle K,1.0,29.70189,-82.27876
Downtown Fats ,3.0,29.65053,-82.325308
Emeralds Lounge,2.7,29.6765098571777,-82.3869781494141
Porter's Community Center & Playground,2.0,29.646626,-82.327566
Genji Ramen,2.2,29.6261767341448,-82.3766639997528
Steak Almighty Jax,3.0,30.3224557,-81.52591369999999
38th Street Park,3.0,29.66573,-82.38132
Freshzza,2.0,29.6580175,-82.41123669999999
The Only Coney,3.7,30.091775871309057,-81.40968058675585
Full Cup Frozen Yogurt,1.0,29.6399529,-82.3426742
Waffle House - Gainesville,1.0,29.61805,-82.38286
Turkey Creek Golf and Country Club,3.5,29.757915,-82.414288
Broken Arrow Bluff,1.0,29.612434912296106,-82.40517986966596
Mystic Hookah Lounge and Cafe,1.0,29.62897937908769,-82.37311633256815
Gainesville's Railroads Historical Marker,3.0,29.65398,-82.33067
Barnie's Coffee & Tea Co,1.5,29.6594351,-82.4142806
Reitz Union Food Court,3.0,29.6519508361816,-82.3227767944336
Arby's,1.8,29.61939,-82.38338
Sweet Creek,2.0,29.6395950317383,-82.3214645385742
Pretty Healthy,3.9,25.93458,-80.24514
Latin Flavor Cafe,2.7,25.9782088086984,-80.3015075804628
KZ Wellness Cafe,3.6,25.8706719,-80.3151383
Fonda Dulce Jesus Mio Miami,2.6,25.9257199,-80.31215
Start to Finish Golf Academy,4.8,26.004566,-80.350968
The Wild Flamingo,4.8,26.064669198718,-80.302962474525
Dan the Cookie Man,5.0,26.1215648651123,-80.1273345947266
El Rincon Colombiano,2.0,26.00476126795925,-80.31683268605168
Cool Runnings Cafe,3.0,25.9808594,-80.2778917
D & G Jamaican Restaurant,3.7,25.9821987,-80.2246125
Graziano's Mercado - Hialeah,3.9,25.87673,-80.31483
Steve's Pizza,3.7,26.0460314,-80.3128051
Vie De France,3.8,25.9127813,-80.3115851
Miami Hot BBQ,3.5,26.045481,-80.223094
Crab garden,4.2,25.930612,-80.243317
The Original Ranch House Restaurant,3.4,25.89802,-80.31521
Cali Coffee,5.0,26.03915839607558,-80.25079316834716
D'Delicious Delicacies,5.0,25.98822,-80.25521
Starbucks,3.7,26.029953,-80.3601337
Panera Bread,2.3,25.981151,-80.358965
Jersey Mike's Subs,4.3,26.19111,-80.25258
Milano Italian Grill,3.5,26.1950649,-80.2670689
St Bess Kitchen,4.3,26.16558,-80.25989
Huong's Bistro,4.2,26.177863,-80.204335
Parkland Bagels & Deli,3.4,26.318814,-80.203282
Cookies by Design,4.3,26.367423,-80.090757
Wendy's,1.7,26.272115607887976,-80.26009107458812
La Brasa Grill - Hillsboro,3.2,26.31824,-80.182649
La Granja,3.7,26.23355473657807,-80.20438835797135
Espresso Yourself,3.7,26.241755,-80.248576
Checkers,1.6,26.27292,-80.25901
El Colombiano Colombian Cuisine Sunrise,3.4,26.170363,-80.297379
Crisp N Grill,4.0,26.2314,-80.1589557
Fern Gully Grill,4.0,26.2163551531827,-80.1554627716541
Cucina Bambina,4.8,26.188251495361328,-80.17120361328125
Açaí com Tapioca,3.6,26.31747051167452,-80.1479827
The Caribe Vegan,4.8,26.13527679,-80.12199402
Teaspoon,4.9,26.31606,-80.157785
Menchie's Frozen Yogurt,3.9,26.196288,-80.251552
Burger King,1.7,26.2721842564553,-80.2658208
Oahu Kava Bar,5.0,26.724687,-80.0785375
Smoothie Me Please,4.5,26.784109,-80.05499
Genji Sushi Bars,5.0,26.7204132,-80.0886002
Pizza De Roma,3.6,26.6633267,-80.0557897
El Molino Restaurant de WPB,2.9,26.648406,-80.113515
The Wildflower,4.7,26.805064,-80.07508899999999
Restaurante Y Pupuceria El Guanaco,4.1,26.62764,-80.07302
Juicy Cocktail Bar,5.0,26.71202,-80.05172
Mario's On Lake Ave,2.9,26.61579030437653,-80.05562625825404
Camilli's Pizza,3.6,26.79908,-80.07169
Romeo's Pizza & Restaurant,2.8,26.67918,-80.1187
Churrasco Grill Food Truck,3.8,26.83833,-80.1158
The Exquisite Table,4.9,26.640011,-80.056867
Houte’s Caribbean Kitchen,4.3,26.6917,-80.08667
Zaxby's Chicken Fingers & Buffalo Wings,1.7,26.7259889,-80.0849425
Rita's Italian Ice,4.0,26.707393199015208,-80.11254189999993
Jon Smith Subs West,3.6,26.66182,-80.11229
David's Place,4.4,26.7023699,-80.08212
Little Italy Italian Restaurant and  Pizza,4.1,26.6315116882324,-80.1126327514648
Curry Tabanca,3.7,26.6190110393944,-80.116327404478
SoFresh,4.3,28.0608808,-82.7086722
Luna Lux,3.5,27.8905788636441,-82.6657623052597
Euro Food & Deli,4.6,27.9168739318848,-82.7441329956055
The Nash Keys Dueling Piano Bar,5.0,27.96575823711217,-82.7992053
The Cooler,4.2,27.9835399955993,-82.8273143901783
Teriyaki Madness,3.9,27.89456397665824,-82.66937006679908
Bay 1 Ice Cream & Sandwich Shop,4.6,27.85787,-82.84649
Dog & Parrot Beach Pub,3.9,27.8574071,-82.8465533
GulfSide Pizza & Subs,4.5,27.87962,-82.8403
R E Olds Park,4.6,28.037511,-82.66309
First Watch,3.9,28.04496,-82.68047
Leonardo’s Pizzeria,4.7,28.061511,-82.73975062883603
Simon's Pub,4.3,27.9976463317871,-82.7833862304688
Amorama Latin Nightclub,3.8,27.8947356444586,-82.7144999232418
Wawa,3.0,27.959969811996295,-82.74745339221941
Panera Bread,2.9,27.958972,-82.726547
China 1,3.4,27.9889533048885,-82.7753690780394
Tacos Gone Mobile,4.1,28.06871,-82.44522
China One,3.6,27.915375,-82.747661
Dunedin Causeway,4.4,28.0527423171965,-82.8027105331421
Inika Foods,4.8,26.15784875872309,-80.131926
Anthony's Coal Fired Pizza & Wings,3.8,26.342620066888255,-80.08660765033187
Brancas Restaurant,4.3,26.2795391,-80.0970917
Dino's Subs & More,5.0,26.20054,-80.18826
Minji's Cafe,4.2,26.1654049,-80.2424442
All Star Pizza & Italian Restaurant,3.9,26.310561,-80.200355
Krakus Polish Deli,4.8,26.2279451,-80.2237
Just Baked,4.4,26.350950530593,-80.0861535
Boca Raton South Beach Pavilion,4.4,26.3542553,-80.0702938
Flanigan's Seafood Bar & Grill,3.3,26.1917247428485,-80.2028872926867
Huey Magoo's Chicken Tenders - Oakland Park,4.0,26.1892915,-80.1362592
UYE: Pinky's Plunge,5.0,26.2356701,-80.0888824
Sushi Song Deerfield Beach,3.8,26.31586179394923,-80.07798258031146
Stingers Pizza,2.8,26.222632228757348,-80.0918595
Olympia Flame Diner,3.8,26.31628604924192,-80.0906158
Los Perros del Sobrino,3.9,26.270925210332283,-80.23167591165688
Mamma Mia Bistro,4.6,26.153748651233165,-80.14065639938802
Gusticos Bistro,4.0,26.31863,-80.13421
Sylvains Cafe,4.2,26.313488908761,-80.08356311417606
Patrizia's,3.6,26.16811,-80.10182
Wingstop,3.4,25.97081,-80.20488
Las Delicias Colombianas,4.3,25.92628,-80.15615
Abuela’s Kitchen Latin American,3.8,25.93078,-80.16152
Berny’s Kitchen & Bar,3.6,25.98409,-80.1873
Three Palms Cuban Cafe,4.4,26.0319233684564,-80.1502503209028
JP Mulligans Restaurant & Pub,3.6,26.022832,-80.314075
King Jerk,4.3,25.89947,-80.21169
Hoagie Hut,4.0,25.8746238,-80.242429
First Watch,3.5,26.0112237,-80.174908
Brio Italian Grille,3.2,26.003611,-80.338158
Sushi 'n Thai,3.7,26.0111863179117,-80.1807139519254
Totoritas Peruvian Restaurant,3.5,26.0096476,-80.2408241
Freddo,4.6,26.005617642776496,-80.3337408067457
100 Montaditos,3.5,25.91321558793905,-80.31106885272422
Kung Fu Tea,4.2,26.0464969,-80.23683
The Chef,4.1,25.899535,-80.161412
Land n Sea Cajun Seafood,4.3,25.92955,-80.18942
Jersey Mike's Subs,4.1,26.007221271580757,-80.36060716172196
Chili's,2.1,25.9310340881348,-80.2942199707031
LOUIS Coffee & Bakery,4.4,25.983489643766063,-80.31074129999999
Toa Toa Chinese Restaurant,3.6,26.1759290825925,-80.269421999015
The Cheese Course,4.0,26.097901046318,-80.381002109021
Konakai,4.1,26.1774015275684,-80.2698938548565
Qwench Juice Bar & DRNK Coffee + Tea,4.6,26.0064318,-80.3121049
Este's Mucho Perro,3.9,26.0073985230683,-80.2498941725898
Tijuana Flats,3.8,26.007138,-80.316417
Broadway Bagels,3.7,26.13512238546753,-80.2845652
Fancy Loaf Caribbean Bakery & Restaurant,4.5,25.9729,-80.18192
Five Guys,3.8,26.008768028290472,-80.29568381494715
RiceUp Asian Kitchen,3.6,26.115202621208045,-80.3758364
Tropics Restaurant & Nightclub,4.1,26.008786,-80.22953
Outback Steakhouse,3.2,26.0075353046125,-80.2851085160877
Poohchello's,4.1,25.97286,-80.2255466666675
Los Verdes,3.4,26.094164,-80.369507
The Garden Grill,3.9,26.0661447,-80.22965552749774
Mojitobar,2.9,26.1542356,-80.3218198
Ay Bendito Con Sabor A Puerto Rico,4.6,25.6811962127686,-80.4158172607422
Jeremiah's Italian Ice,4.6,26.006832226532087,-80.35599020000069
Old Davie School Historical Museum,4.0,26.0643,-80.23561
Freze N Nitro Creamery,4.4,25.9855323,-80.2987864
Starbucks,2.8,34.93862033,-80.9783006
Ice Cream Queen,5.0,35.0853405,-80.8820137
Starbucks,2.9,34.95705534,-81.0470107
McAlister's deli,1.2,34.9690545816873,-81.0604736208916
Lige Street Park,3.0,34.909038,-81.037
Trading Path historical marker,5.0,35.076521,-80.882357
Workman Street Park,3.0,34.91438,-81.01129
Guy Fieri's Flavortown Kitchen,1.2,35.08640902089766,-80.89150989598852
Highland Park,3.0,34.92289,-81.01321
Rock City Tavern,2.6,34.961226,-81.006178
Totally Tea,1.5,35.0814236132164,-80.87836512845497
Dunkin',1.0,34.9681576,-80.99522910413813
ARBY'S,2.1,35.11687,-81.07474
The Bread Store,5.0,34.8997387575283,-81.0297888144851
Ole Buddy's Oinker Express,4.7,35.40226,-80.86223
Calhoun Street Park,3.0,35.0105572853025,-80.95087986123285
Bojangles Famous Chicken N Biscuits,2.0,34.9159584,-81.0012894
Burger King,3.0,34.943689,-80.9637
Pardon My Cheesesteak,1.0,35.08536136905572,-80.8801084
Rock Hill Coffee,2.6,34.925584067639825,-81.02647250361187
Tijuana Taxi Co,3.3,26.303367,-80.093535
Orient Garden,4.2,26.334459,-80.204158
Maoz Vegetarian - Delray Beach,4.5,26.439284,-80.06856
Jeremiah's Italian Ice,4.4,26.36745,-80.17377
Brooklyn Boys Pizza & Pasta,3.5,26.3681349,-80.2013861
Vic & Angelo's,3.3,26.4615640600966,-80.0704622268677
Jimmy's Bistro,4.1,26.46129257483959,-80.07301051504658
Naked Taco - Coconut Creek,3.4,26.2847372,-80.18707328220836
South Inlet Park,4.1,26.3331796030011,-80.0739285697299
Sorrisi,3.5,26.27799,-80.199065
Smash House Burgers Boca,3.9,26.361649739409547,-80.15323745889559
BURNT Smokehouse & Bar,3.5,26.36806,-80.17308
Costa Sur Cuban Cafe,4.6,26.27484,-80.11465
Olive Garden Italian Restaurant,2.8,26.347751,-80.154279
Belladukes,4.9,26.351695,-80.084448
The Wick Theatre & Costume Museum,4.1,26.421384,-80.074491
Seabra Bakery & Cafe,4.3,26.386813582663148,-80.0797283435761
Deerfield Beach Arboretum,4.4,26.31874896769702,-80.14313890264324
The Seed Coffee + Juice Bar,4.7,26.2750411198058,-80.09569601498144
China Spring II,3.8,26.3375526,-80.203872
Americas Bakery And Restaurant,4.1,26.061215,-80.253311
Hooters,2.8,26.1725106,-80.2560681
Marando Farms & Ranch,3.8,26.056276,-80.233124
Fresh Box Cafe,4.9,26.1850757598877,-80.1903686523438
Golden Krust,3.6,26.1442508,-80.316296
Wow Wing House,4.4,26.1870202,-80.2061895
Topgolf,3.9,26.22532,-80.15278
Chick-fil-A,3.0,26.0960763,-80.2501233
Zinncredible Pizza & Panini,3.7,26.065708,-80.259735
Shorty's BBQ,3.1,26.046356,-80.252294
Carvel,4.2,26.192467836084,-80.2750543321188
Disalvo's Pizza & Italian Restaurant,3.5,26.046604,-80.253245
Rotelli,3.4,26.19435528904677,-80.2859247
Ruthy’s Bakery,4.4,26.057732909564464,-80.25336644662906
Paty's Cafe,4.6,26.0905094146729,-80.1624450683594
Fire Lobster,4.3,26.121197,-80.218626
El Colombiano Colombian Cuisine Sunrise,3.4,26.170363,-80.297379
Teppanyaki Buffet,3.3,26.0257225598801,-80.2235543023774
Latin Bohemia Grill,3.8,26.214455,-80.157255
Killer B Burgers & Wings,3.9,26.107758010220184,-80.26214399999999
Sweetly Dipped Confections,5.0,28.03301,-82.58971
sushimotion,4.9,28.082002,-82.540297
New York New York Pizza,3.4,27.93922,-82.48337
Crumbl - South Tampa,4.5,27.92748473968366,-82.50556145767028
Joe's Produce & Deli,4.2,28.04234656367859,-82.67728250237803
Amorino,4.3,27.965409108367304,-82.52040804657874
Bistro 118,4.4,27.9757127360737,-82.5097315013409
Camel Tow Taco,4.7,28.455885077939115,-81.4710755655485
Delicias Colombianas,4.0,27.998978,-82.58223
Safety Harbor Waterfront Park,5.0,27.990003,-82.686157
Safety Harbor Pier,4.5,27.98950100379654,-82.68703205862104
Joto's Pizza - Belcher,4.1,27.855769,-82.7367374
Pei Wei Asian Kitchen,3.6,27.958300490828982,-82.52446308129062
Cafe Habana - Sabor a Cuba,4.4,27.958803051349207,-82.48274239999999
Dummy Crabby,5.0,27.99657,-82.48511
Chick-fil-A,3.3,27.997077166110177,-82.57943453238494
Turkuaz Mediterranean,4.3,28.08123778978996,-82.50765229999999
Jekyll at Hyde Park,3.9,27.93721,-82.47511
The Tiki Tavern,3.3,27.99094857759387,-82.68954582024487
PDQ Chicken,3.7,27.925389569888942,-82.50636512010148
Domino's Pizza,2.2,26.6195568,-81.8723177
Taco Bell,1.7,26.5465905276781,-81.7988371888221
Dunkin',2.0,26.547908727330643,-81.80701711705034
Sbarro,2.4,26.527987354382983,-81.75528508697239
KFC,1.9,26.564178,-81.872578
Little Caesars Pizza,2.6,26.664429,-81.833076
Hunter Park,4.0,26.570604971341243,-81.8830926
Brazilian Bakery,3.7,26.60551,-81.85132
Burger King,2.0,26.616305,-81.771458
Dunkin',2.8,26.528229140545783,-81.75641985197677
Wendy's,2.3,26.5287239948359,-81.8695069189911
Starbucks,2.5,26.670068,-81.9374868
Farzaneh Kitchen and Bakery,5.0,26.62071228027344,-81.87286376953125
Dunkin',1.6,26.631833946933178,-81.87218687190739
Cajun Gringos,3.6,26.63928,-81.86813
Taco Bell,1.9,26.614457,-81.87198
China One,3.1,26.6845084,-81.8840648
Moose Lodge,3.1,26.6966094970703,-81.7737121582031
Fat Apple,3.4,26.700326994610425,-81.84790547910029
Chief Billy Bowlegs,4.0,26.65178,-81.85655
Pasquale's Pizza Company,3.6,26.28664738203598,-80.20008943168689
Play By Play Sports Bar & Lounge,3.9,26.2240878,-80.1231151
Bella Roma | Pizzeria & Restaurant,3.5,26.245144,-80.182103
Positano Italian Restaurant,3.6,26.389649902026193,-80.07595602944775
Trend Tea,4.9,26.3683064,-80.1289321
Milagros Restaurant,4.0,26.35083,-80.08245
Jodi's Cupcakes & More,4.5,26.37666,-80.07687
Saigon Cuisine,3.6,26.247524,-80.199904
Bagel City South,3.1,26.331482,-80.137741
Cuban Cafe,4.1,26.25077,-80.15225
Jeremiah's Italian Ice,4.5,26.3186185,-80.156142
Dino's Subs & More,5.0,26.20054,-80.18826
3Natives,4.2,26.3511488695809,-80.1569752754631
Buffalo Wild Wings,3.1,26.285634,-80.203698
Annie's Pizza & Subs,3.9,26.259482,-80.200773
PieZano's Pizza & Pasta,3.9,26.3863675993152,-80.07800943374575
Yellow Yolk Pompano,4.5,26.2315,-80.09274
Ben's Kosher Delicatessen Restaurant & Caterers,3.6,26.408492704359407,-80.20087481541529
Foxtail Coffee - Boca West,4.2,26.367339560812145,-80.17379134365784
Carrot Express,4.2,26.36935,-80.20259
Town Hall Hotel,3.8,-37.798651,144.980509
Katuk,3.9,-37.842173,144.994847
Mr Mason,3.8,-37.81825984,144.95694619
Claypots Barbarossa,4.7,-37.813002,144.960732
Tusk Cafe Bar,4.1,-37.853244,144.992968
Laksa House,3.9,-37.808593,144.960356
Abbotsford Convent,4.3,-37.80218,145.00377
Robot Bar,3.8,-37.81712,144.963761
Anchovy,4.8,-37.81914,145.00263
Tokyo Tina,4.1,-37.855441,144.992939
Royal Exhibition Building,4.4,-37.80474,144.97151
Wide Open Road,3.9,-37.776281,144.961187
Royal Saxon,3.8,-37.829773,144.997387
Little Bean Blue,4.6,-37.812533,144.972996
Glamp Cocktail Bar,3.8,-37.8147812,144.9655762
Garçon,5.0,-37.814227,144.969947
Osteria Ilaria,3.8,-37.8136074692435,144.9619070068
Strozzi Restaurant,3.8,-37.816707,144.963096
Golden Monkey,4.1,-37.812841,144.960991
Olio Cucina,5.0,-37.81526,144.964316
Orange County Regional History Center,4.4,28.5428447723389,-81.3779144287109
Tijuana Flats,3.8,28.57152,-81.38906
Gitto's Pizza,3.7,28.5408888,-81.3791364
TooJay’s Deli - Bakery - Restaurant,3.8,28.665387064874565,-81.3720889212385
West Orange Creamery,4.5,28.5487990352005,-81.5424989999999
Tous Les Jours,4.3,28.55442,-81.41523
The Vineyard Wine Bar and Healthy Bistro,4.4,28.491337,-81.510329
Shaka Donuts,4.2,28.51314,-81.37494
Olive Garden Italian Restaurant,3.7,28.60301,-81.365429
Bellhop,4.1,28.54277759965259,-81.37889315719899
Orchid Thai Cuisine,3.7,28.5997465,-81.3511949
Dave's Hot Chicken,4.0,28.6633048,-81.38367758
Johnny's Other Side,3.5,28.513476,-81.359017
Peach Valley Cafè,3.8,28.5107315209316,-81.3745010222845
Miller's Ale House,3.2,28.66442,-81.37542281655026
Bamboo Asian Cuisine,3.6,28.5723992580808,-81.5187325255976
Seoul Soon Tofu,4.1,28.5544210488309,-81.4152390137315
Carlo's Diner,3.8,28.5855312,-81.5252081
Jeremiah's Italian Ice,4.6,28.688,-81.40592
Napasorn Thai Restaurant,3.6,28.5411548614502,-81.377815246582
Tijuana Flats,3.6,27.91473,-82.74632
Orange Blossom Cafe,4.6,28.0025994,-82.7752295
Duff's Buffet,4.1,28.00973300020959,-82.72995351565518
IHOP,3.1,27.89394,-82.74629
Ice & Cream Creamery,3.8,27.969582,-82.8292323
Panera Bread,3.1,27.871399,-82.760425
Ember Rooftop Lounge at the Cambria Madeira Beach,3.9,27.80249,-82.80052
Friendly Tavern,3.5,27.83326,-82.8331199
First Watch,3.8,27.80831,-82.75211
Steam Train Vapor,4.7,27.8361698409422,-82.7281540192876
Señor Subs & Gyros,4.7,27.96589,-82.78032
Fred E Marquis Pinellas Trail,3.9,27.8801536,-82.807076
Mick's Pub,5.0,27.968391737888627,-82.74894772883555
Applebee's Grill + Bar,2.3,27.916776,-82.7335973
My Happy Place Cafe,4.6,27.817346,-82.822094
Royal Vapor Lounge,4.9,27.92949,-82.78691
Red Tiki Bar,3.9,27.81417,-82.74055
Time Out Sports Bar,3.6,27.85551,-82.82854
Seminole Subs & Gyros,3.5,27.9548873901367,-82.7872848510742
The Shipwreck,3.9,27.9877223968506,-82.826301574707
Midtown Creamery,4.7,25.802486,-80.1911249
Atlantikos,4.1,25.8888332,-80.12287
YES! Cafe,4.4,25.85624,-80.12431
Rakija Lounge,3.4,25.78237,-80.131
Ocean Deli,4.4,25.795666,-80.130058
D'Oro Caffe & Market,4.3,25.7745228,-80.1884252
Gramps,4.2,25.7996102,-80.1982861
Montana's Miami Beach,4.2,25.77747,-80.13157
Braga Portuguese Restaurant,4.8,25.751148301114853,-80.21853935054354
Love 'n Gyros,4.3,25.80341,-80.1954
Honey Uninhibited,4.0,25.76009,-80.20047
La Sandwicherie - Wynwood,4.3,25.79931064879213,-80.19845096886476
House of Food Porn,4.8,25.8326319884545,-80.200107379434
CRAFT Brickell,4.3,25.759678287156813,-80.19156029999999
Frudeco,4.9,25.8500999634701,-80.1931370794773
Icon On Ocean,3.0,25.77908,-80.13122
Mayu Miami,4.6,25.76739,-80.197
Thank You Miami Cocina & Beerhouse,4.8,25.773509799167268,-80.22321471544716
Joe's Pizza,4.4,25.800588360353977,-80.19979622762459
Harolds Shrimp and Chicken,3.4,25.784511,-80.1318113
El Bohio Cuban Restaurant,2.9,26.58407,-80.05287
Mistah Lee's Smokin Good Bbq,4.5,26.47245418155656,-80.09345276295291
John Prince Park,4.2,26.60645,-80.0886
Neptune Fish Market,4.0,26.6226041,-80.0573435947833
The Rock Irish Pub,3.5,26.6160600765249,-80.0550425425172
Capri Pizza,3.9,26.6182709,-80.0652466
China Town,2.7,26.4916586772186,-80.1648301479772
Palm Beach National Golf & Country Club,3.9,26.626201372607845,-80.1643495
Tacos Al Carbon,3.4,26.610585,-80.090338
Asian Spices,3.8,26.6203194,-80.1468124
Lakeview Cafe,5.0,26.50618272,-80.16693564
Ambassador Grill,3.9,26.62279068298215,-80.03763746704188
Foxtail Coffee Delray Beach,4.2,26.457034,-80.0681638
McDonald's,2.1,26.5441989,-80.0910979
Chick-fil-A,3.2,26.527161,-80.186802
Wawa,3.2,26.55164,-80.1889
Mizner Country Club,5.0,26.43592,-80.18576
Carmela Coffee,4.2,26.45715,-80.06665
Uncle Louie G’s,5.0,26.5842641801,-80.0507724906
Kavasutra Kava Bar,5.0,26.527943,-80.097121
Domino's Pizza,1.8,28.3047049,-81.4336635
Panera Bread,2.7,28.381654,-81.405198
Dunkin',2.5,28.28302,-81.35133
Wendy's,1.6,28.40683,-81.45481
Queen Fruit Stand,3.7,28.3067626953125,-81.4421463012695
Little Caesars Pizza,1.9,28.30524,-81.41435
7-Eleven,4.0,28.3246675,-81.4371669
Milanos Pizza,1.9,28.30418,-81.41691
Aroma and Bread Coffee Shop,4.1,28.34332309347816,-81.3294228
Burger King,1.2,28.30466,-81.45988
Starbucks,3.5,28.369506,-81.40758968
Evrbar,4.5,28.40263,-81.42813
Mi Pueblo Bakery,4.3,28.402251,-81.406106
Spanish Rotisserie,3.2,28.30675,-81.44214
Chipotle Mexican Grill,2.3,28.252547,-81.316293
Near&Tasty,2.9,28.358464,-81.332405
Seafire Grill,2.5,28.41097062123961,-81.462132
Taco Bell,1.9,28.343342,-81.329876
Domino's Pizza,1.9,28.26413,-81.435232
Pollito Chicken,3.0,28.3039,-81.4167
Taco Shop,3.9,25.86694,-80.2996
The Clover Irish Pub,3.3,25.7970331243605,-80.2805093147456
Morton's The Steakhouse,3.2,25.75009386368363,-80.25828123092651
Graziano's Mercado - Bird Rd,3.8,25.7335373,-80.3440239
El Maguey on the Road,4.7,25.8767299,-80.34005
Ceviche Bowl,4.8,25.653526,-80.405567
Raspados Loly's,3.9,25.7681,-80.36515
Sweet Lich's,5.0,25.72311853298256,-80.31641403254304
Sanatos Healthy Market and Restaurant ,4.5,25.75371,-80.2583499
Sabor Venezolano Doral,3.1,25.8393187770735,-80.3710828650818
Paseo Catracho,4.1,25.778421,-80.273284
Keik bakeshop - Coral Gables,4.4,25.747265,-80.254351
Sushi Maki - MIA Airport,3.1,25.7971974024835,-80.2797660595551
Graziano’s Mercado at the Lifetime Building,4.6,25.7289477,-80.2589314
Latin Cafe 2000,3.6,25.78029,-80.26372
Fritz and Franz Bierhaus,3.7,25.75074,-80.25586
Sabor A Colombia,4.2,25.775189,-80.368347
Rincon Criollo Restaurant,3.8,25.799974,-80.259765
Islander Bar & Grill,2.8,25.7986206982764,-80.2719644029768
unReal Food!,4.8,25.7360194,-80.3157397
Chef Reece Kitchen,4.4,26.05655991678536,-80.25306491165661
Red Door Asian Bistro & Hibachi,3.6,26.1193909,-80.1366423
Krakus Polish Deli,4.8,26.2279451,-80.2237
Hatch,4.0,26.1323144,-80.13786639
Wells Coffee-Tarpon River,4.6,26.11482,-80.14567
Miller's Ale House - Davie,3.3,26.094853569187546,-80.2503186860042
Hooters,2.8,26.1725106,-80.2560681
Hof’s House of Sweets,4.5,26.11943,-80.13696
Burgers & Beers,4.4,26.153251020808188,-80.14074816921521
Oak Hammock Park,4.7,26.1790849,-80.2730565
Alfredo's Pizza & Restaurant,4.5,26.06124360323821,-80.3108858731478
La Bonne Crepe,3.5,26.11959,-80.13478
Waxy's Pub,3.6,26.10057,-80.13196
Conca DOro Pizza & Pasta,3.9,26.051356994563243,-80.13724189386559
Pinho's,4.5,26.180428,-80.147088
Lucky Cat Street Eatery,4.2,26.2049534,-80.14735322
Vito's Gourmet Pizza,4.1,26.24627,-80.25243
Tea Plus,4.1,26.0531245182377,-80.206659161702
Press and Grind Cafe,4.4,26.09974,-80.12999
Bellgordon's Caribbean Restaurant,5.0,26.16863,-80.30122
Daytona Aquarium and Rainforest Adventure,1.8,29.203984887365717,-81.0418252274394
Bob Evans,2.7,29.11207,-81.02601
McDonald's,1.7,29.2677218869056,-81.029032766819
Wok & Roll,2.8,29.2626094818115,-81.1083679199219
Burger King,1.4,29.2216183894503,-81.04773041472076
Starbucks,2.8,29.11120105,-81.0265098
McDonald's,1.6,29.168530042451685,-81.08705219200247
Chipotle Mexican Grill,2.1,29.218863529779725,-81.09705492360804
La Diva Mexican Kitchen,4.2,29.14552,-80.98886
Dairy Queen Ltd Brazier,3.6,29.28497,-81.08383
Amazing Aquariums,2.3,29.1580917,-81.0229137
Pizza Hut,3.3,29.28088,-81.03488
STARBUCKS,2.3,29.18372668,-81.08003262
Papa Johns Pizza,1.9,29.2387814,-81.05608883450265
Sugar Mill Cafe,3.0,29.1840588335664,-81.0614108680956
the doghouse bar and grill,3.3,29.1473562236853,-81.0166514846411
Genie Steak House and Seafood,5.0,29.139043,-81.133074
Häagen-Dazs,3.1,29.213366,-81.0990148
Ravoliscious,5.0,29.0333112,-81.2813007
Perrys Cafe & Tiki Bar,4.3,29.195999,-80.992302
Sardi Cafe Lounge,4.5,26.153675287136164,-80.140577
Mitchs Downtown Bagel Cafe,4.3,26.12915,-80.14347
Tarrazu Coffee,4.8,26.246152224534537,-80.18937
Dutchy's Gourmet Sausages,4.5,26.11581981786489,-80.202217
Inika Foods,4.8,26.15784875872309,-80.131926
Asahi Chinese & Japanese Restaurant,3.2,26.192458,-80.2737825
Sarpino's Pizzeria - Coral Springs,3.5,26.241613,-80.266679
Webby's Grub and Pub,4.4,26.1234501,-80.2391523
Snappers Fish and Chicken,4.2,26.1223284,-80.1598981
Press and Grind Cafe,4.4,26.09974,-80.12999
Sparrow,3.4,26.1249691,-80.1377119
Esplanade Park,4.8,26.119994,-80.147962
Ole'ole',3.5,26.11969,-80.2578
Taste Rite Jamaican Bakery,3.5,26.2074458006758,-80.2346603572369
Pie-zan's,3.8,26.1091595,-80.14328676895396
La Bonne Crepe,3.5,26.11959,-80.13478
22 Bliss Cafe,4.6,26.148601,-80.262317
Utopia Juice Bar,4.1,26.21233740159567,-80.15465467055769
Mamma Mia Bistro,4.6,26.153748651233165,-80.14065639938802
Piazza Italia,3.7,26.11897,-80.13381
Super Arepa,4.1,26.00890395523947,-80.37457510828972
Domino's Pizza,2.3,26.1170471078133,-80.3128138929605
Mr. Lobster By Chef Alex,4.5,26.1444445,-80.3075132
Golden Krust,3.0,26.171458,-80.2850385
Flamingo West Park,5.0,26.04113566996659,-80.31539470826073
Gumbo Twist,4.3,26.187671700251656,-80.2914619
Firefly Italian Restaurant,4.8,26.06123592027559,-80.31087919893365
Paradise Cups,5.0,26.8926116,-80.06017
Subway,2.2,26.083791,-80.369742
Subway,3.7,26.0666297480064,-80.3146669684637
Charleys Cheesesteaks and Wings,5.0,26.00577,-80.389557
The Scotch Malt Whisky Society,5.0,26.185957,-80.286921
DJ's Sweet Bakes,5.0,26.02454567,-80.2946701
Gelato Mio,4.6,26.149828,-80.324413
McDonald's,1.6,26.0082898004693,-80.3948988765479
Lakeview Restaurant,4.2,26.099765223662605,-80.276737
Einstein Bros. Bagels,2.6,26.135103668103422,-80.28795745426984
Naf Naf Grill,5.0,26.010755,-80.295554
Mango Biche Mia,3.7,26.0104617342339,-80.304332150534
Chicken Kitchen,2.3,26.0269941,-80.3126904
Wok Inn,3.4,26.5304672,-80.1226451
Couture Cakes,3.6,26.45891,-80.0672699
Buffalo Wild Wings,2.5,26.54001927272142,-80.09110420333947
Chipotle Mexican Grill,2.6,26.4391939898396,-80.078464
Rotelli's Pizza & Pasta,3.3,26.5352577772743,-80.0900262883606
Hoffman's Chocolates,4.1,26.362433,-80.123508
SubCulture Coffee,4.2,26.3551549,-80.0856013
Mamma Mia's Express,3.5,26.52644,-80.162732
Ocean Ridge Hammock Park,4.6,26.5337408331725,-80.0471953371077
Jersey Mike's Subs,3.8,26.512707800034327,-80.0890468156512
Porto Bella Italian Restaurant & Pizzeria,3.1,26.530686,-80.120647
Palm Diner,3.6,26.52886,-80.12043
Starfish Food Truck,5.0,26.0114531061276,-80.1608687639236
Veteran's Park,4.6,26.46263,-80.06464
Chinatown,3.3,26.5137539624976,-80.0612339701959
Dunkin',3.5,26.459002784467664,-80.09425575918397
Cracker Barrel Old Country Store,3.0,26.51594,-80.07802
Jeremiah's Italian Ice,4.2,26.541679389899215,-80.0902512050871
Boca Bagel Bar,4.0,26.3880085400417,-80.0769860297441
Billie Swamp Safari,4.0,26.330038,-81.054536
Kool Vybez,5.0,29.2089,-81.01814
KavaJava,5.0,29.02287111331579,-80.9290469
Häagen-Dazs,3.1,29.213366,-81.0990148
Daytona Aquarium and Rainforest Adventure,1.8,29.203984887365717,-81.0418252274394
Burger King,1.0,29.2111492156982,-81.0236968994141
STARBUCKS,2.3,29.18372668,-81.08003262
Ponce Inlet Veterans Memorial,4.5,29.0801715379144,-80.928672237148
Upper Crust & Crumb Bagelry & Bread Cafe,2.7,29.22869447318836,-81.08560941202893
7-Eleven,1.0,29.1488396,-80.9681465
NASCAR Garage Bar & Grill,2.0,29.1862202,-81.068367
Tacos Land,3.6,29.2049102783203,-81.0220031738281
NOB's Now,5.0,28.6122187,-80.8075537
Starbucks,1.3,29.188256,-81.049268
Happy Trails Dog Park,4.0,29.098692075836627,-80.94093199999999
Daytona Beach Golf Club,2.8,29.1872807,-81.0159836
Orlando Golf Cars,5.0,28.54701574954176,-81.2848833319174
Hopa Long Cafe,4.0,29.16447,-81.084146
7-Eleven,3.7,29.2205848920874,-81.0098858177662
Wing Boss,3.5,29.1972,-81.05649
Ocean Deck,3.3,29.2244564,-81.0059615
Sunset Sub,3.7,27.989968,-82.732456
Dream Catcher Explorations,5.0,28.155663,-82.758165
Green Market Cafe,3.9,28.192445,-82.637878
Einstein Bros. Bagels,3.2,28.012477998649043,-82.70756929272989
Highlander Park,4.9,28.0363220182677,-82.777152511145
Bavaro's Pizza Napoletana and Pastaria,4.0,27.980886956711036,-82.8273506
Sabor A Cuba Cafe,5.0,28.15571,-82.75934
Parthenon Restaurant & Bakery,4.2,28.155344,-82.761253
DK's Sports Grill,5.0,28.1402661810724,-82.75732371554602
Rick's Warehouse Deli,4.2,28.0422058105469,-82.6566848754883
Hemp Coffee House,5.0,28.0928266056896,-82.74114341104458
Masa Sub and Grill With A Touch Of Mediterranean,4.0,28.193359,-82.699585
Ice Barr,5.0,27.991018857045464,-82.6948534
Mobbly Beach Park & Mobbly Bayou,4.6,28.012103,-82.665527
The Honey Baked Ham Company,3.8,27.9849319458008,-82.7303924560547
Ghost Party Haunted Tours,3.2,27.960889,-82.44189
Kaiko Sushi Bar & Japanese Restaurant,3.4,28.011405,-82.710931
Kookie Krums,3.9,28.012494,-82.785657
Hillsborough State Park Poolside Cafe,4.4,28.147995,-82.234892
Overtime Sports Bar,4.3,27.9895964,-82.7563008
Cilantro Asian Bistro,3.8,25.98695394058322,-80.1307211
Caracas Bakery,3.8,25.842185,-80.184038
Lido Bayside Grill,3.3,25.792333,-80.14915
Pizza Bianco,4.1,25.954474,-80.1197403
Roni's By The Ocean,3.4,25.858638218232237,-80.1201329
Mo's Bagels & Deli,3.1,25.94817,-80.14509
Tropical Tastebuds,4.7,25.9287501706056,-80.1904324069619
VIP Services Miami,5.0,25.86041438617804,-80.18252146097574
Flora Plant Kitchen,4.6,25.82728031786927,-80.18737569999999
Full Moon Drum Circle,4.6,25.8641599,-80.1210399
Santo Dulce Churros,4.6,25.80450428113291,-80.18920157055224
AQ Chop House by Il Mulino,4.0,25.9418599,-80.12117
Jules Kitchen at Circa 39 Hotel,3.7,25.812,-80.1235899
Miami Best Wings,4.0,25.912507,-80.21312
Ohho Ramen Dimsum,3.7,25.92917,-80.135903
Yip - Wynwood,3.8,25.79931,-80.198
Happy's Stork Lounge and Liquor,4.0,25.84799798474763,-80.15174076846793
Krispy Kreme,4.0,25.928226,-80.189499
Crafty Crab,2.8,25.92189185430687,-80.15421409524716
Soff's,4.6,25.960025,-80.137031
Parrilladas Argentina,4.5,25.6697531,-80.4063523
Selva's Cake Designers,3.2,25.688266,-80.418211
Miss Tea,3.9,25.701945,-80.357029
La Union Restaurant,5.0,25.619029,-80.34797
Wendy's,1.4,25.684536470285,-80.4547734602614
Parrilla Havanera Restaurant,4.2,25.59613,-80.3693
Papa Johns Pizza,2.3,25.6843843773727,-80.4176853711987
Mr. Comelon,3.9,25.68071574988236,-80.31894733381304
Smoke That Beef,4.5,25.64913,-80.41496
The Caribe Vegan,4.8,26.13527679,-80.12199402
Firehouse Subs,2.9,25.68531,-80.39824
Naked Orange Cafe,4.1,25.72897,-80.42485
Ah-Tah-Thi-Ki Museum,4.4,26.2964721968799,-80.9701056772461
Subway,3.4,25.6856605,-80.4546686
Five Guys,3.5,25.7555915,-80.3667146
Farm To Fork Meals,5.0,25.80400491,-80.19223718
Mochima Bistro,5.0,25.59743718171886,-80.3709324
Casa Dorado Restaurant,3.6,25.60671662299441,-80.34793206132477
Vicky Cafe FIU,3.6,25.75345,-80.37332
Larry and Penny Thompson Park,3.5,25.60177592691158,-80.39454809213207
Dubois Pioneer Home,5.0,26.943142,-80.0757216
Krispy Krunchy Chicken,5.0,26.7582589,-80.0869073
Bert Winters Park,4.5,26.8735,-80.06474
Taco Bell,2.9,26.934116,-80.077822
Hot Dog Carts,5.0,26.8119060813006,-80.2455464816651
Dunkin',2.8,26.9350387,-80.09311482830779
Jupiter Inlet Shipwrecks,5.0,26.943615957391,-80.0730918032024
Jimmy John's,2.9,26.8986111,-80.1015032
Burger King,2.0,26.7595043704984,-80.0892296433448
Maplewood Park,3.0,26.925528,-80.125408
Wendy's,3.1,26.78365,-80.09465
Burger King,1.2,26.8086456,-80.0791311264038
McDonald's,1.6,26.96219,-80.08414
Jersey Mike's Subs,3.5,26.93462,-80.09229
Bluefire Grill,2.0,26.838285,-80.099319
Little Caesars Pizza,2.3,26.8083782846488,-80.0801429875094
China Wok,2.4,26.898911,-80.101852
Matteo's Restaurant,3.2,26.89385,-80.06148
Legacy Lounge & Restaurant,4.5,26.736493,-80.056104
Pine Glades,5.0,26.941627680891415,-80.25700084358101
Romano's Macaroni Grill,2.7,28.522854,-81.586856
QZO Pizza,4.8,28.5697268,-81.5455229
Riverside Mill Food Court,2.8,28.386699,-81.536759
Mulligan's Pub,3.7,28.3308,-81.52732
Foxtail Coffee,4.0,28.4867245354873,-81.599508
Vegan Scoops,5.0,28.5389756,-81.3494592
China Wok,3.6,28.516256938030036,-81.61971441165655
Jellyrolls,3.5,28.36729549854409,-81.55784245313583
Journey Of Water - Inspired By Moana,4.5,28.3729513,-81.5471905
B.B. Wolf's Sausage,3.6,28.3716111,-81.516212
Clay Oven Indian Cuisine,3.6,28.33659,-81.59394
Side Bar,4.4,28.54096,-81.37925
River Street Sweets,4.2,28.344647,-81.608336
Disney's Palm Golf Course,3.4,28.401998,-81.591567
Pepe by José Andrés,3.8,28.370447175808977,-81.52136997456323
United Kingdom Pavilion,4.4,28.3704098132357,-81.551645099904
Lickety Split,4.3,28.4017448425293,-81.5454177856445
Andiamo Italian Bistro,3.4,28.372468,-81.510843
Red Panda Noodle,4.7,28.541801496003597,-81.37357511453293
Creature Comforts,4.1,28.3576468745457,-81.591725644722
Wow Wing House,4.4,26.1870202,-80.2061895
Outback Steakhouse,2.7,26.25497,-80.252908
Hong Kong Dim Sum,3.5,26.2602781839988,-80.2493330491957
Smokey Bones,3.2,26.3525813880206,-80.2039664230775
10x vegan,4.6,26.210136,-80.122606
Casa Do Pastel,4.0,26.274837,-80.117244
Sun Sun Chinese Food,3.8,26.2727649,-80.2640956
Wings-N-Ale,3.3,26.287871,-80.2501168
La Antioquena,3.8,26.1966432,-80.2521915
Tacos wey 561,4.7,26.39407186374652,-80.19818910496825
TQLA station,4.8,26.2443351,-80.2001432
Fin’s Kitchen,4.7,26.1860446929932,-80.2268371582031
Gusticos Bistro,4.0,26.31863,-80.13421
Juice 2 U Organic Kitchen,4.2,26.27189,-80.1530499
California Pizza Kitchen,3.3,26.15603396,-80.11842901
Crafty Crab - Fort Lauderdale,3.5,26.163523,-80.11616
Play By Play Sports Bar & Lounge,3.9,26.2240878,-80.1231151
Localicious Caribbean Ice Cream,4.0,26.1405514,-80.2049545
Goldy’s Deli & Market,4.7,26.2442673756003,-80.20576583882867
Que Perros,4.6,26.255792080669067,-80.20201688898375
Thats a Wrap Sandwich Co,4.7,26.241028,-80.24923
The Cheesecake Factory,3.1,26.36734320237416,-80.1298607
Deerfield Beach Arboretum,4.4,26.31874896769702,-80.14313890264324
Mannino's,4.1,26.20658,-80.28510167
DelacaSeas Cafe,4.1,26.1902683,-80.0975188
Manhattan Joe's Pizzeria - East Boca,3.9,26.367284711099597,-80.09068400429679
Dandee Donut Factory,4.2,26.2314,-80.1046999
Miller's Ale House,3.6,26.393225569791067,-80.11206395407247
Maggie McFly’s,3.7,26.363705,-80.131329
Vaella Coffee & Tea,4.5,26.1891036,-80.1341656
Savvy Sliders,4.7,26.18765,-80.17572
Guido's Meat Market & Deli,4.4,26.209889,-80.122198
Game of Axes,4.9,26.34965,-80.23038
The Flava Zone,4.3,26.186361918848743,-80.25121495127678
The View at Colony West,4.0,26.20735656869786,-80.26838945744359
El Patio Boca,4.3,26.367829,-80.090726
Spikey Ty,3.9,26.2890923,-80.2826545
Curry Cafe,4.5,26.18140921569349,-80.25134868631123
Meal In A Pie,4.7,26.182867,-80.1201235
Lester's Diner,3.2,26.24491,-80.199353
Pinecrest Gardens,4.5,25.669461,-80.285625
Sweet Lich's,5.0,25.72311853298256,-80.31641403254304
Smile Empanadas,4.7,25.70499,-80.28526
Atelier Monnier - Pinecrest,4.5,25.68236,-80.314305
Mint Beirut,5.0,25.771816,-80.264648
El Palacio de los Jugos,3.5,25.74835,-80.30947
Poke88,4.5,25.685704611719327,-80.36450273118582
Vicky Cafe FIU,3.6,25.75345,-80.37332
Dora's Bakery & Bistro,4.4,25.76447404286801,-80.2578867
Punto Criollo,4.4,25.7484,-80.26008
Two Chef's,3.7,25.6935596,-80.3022651
East Thai and Noodle House,4.1,25.7040414,-80.28968510961427
Everglades Holiday Park,4.1,26.0608457592371,-80.4449329362457
Nau Lounge,5.0,25.797898,-80.335916
Tea & Poets,4.5,25.705632299808,-80.2860339300594
Giardino Gourmet Salads,4.0,25.811,-80.38273
Ohho Noodles Market,3.8,25.71672337,-80.27378209
Gaetano's Pizzeria,4.3,25.6792147,-80.3186839
Fuegos Del Sur - Kendall,4.1,25.69132,-80.38621
Sancho Restaurant,3.7,25.7600770049315,-80.4102134595245
Bradentrucky,1.0,27.495388289547066,-82.6138847287169
Dickey's Barbecue Pit,1.0,27.53267,-82.5037
D & D Restaurant,4.0,27.53506724233,-82.5629106536508
Circle K,2.3,27.52141199999484,-82.55303367066419
Taco Bell,1.9,27.5308215,-82.50134883
Buffalo Creek Park,4.5,27.5747836332983,-82.4840071052313
7-Eleven,5.0,27.4187052677648,-82.5317193567787
Tacos Al Tamirano,3.0,27.472794,-82.546227
7-Eleven,2.0,27.5135121591529,-82.5622840225697
Subway,3.7,27.3911297484033,-82.5081896091285
Bistro Restaurant and Lounge,3.0,27.49948,-82.56484
PLAY Arcade & Bar,3.0,27.49604,-82.57369
Dewars Clubhouse,1.9,27.3834,-82.5529785
Crazy Mocha Coffee,3.0,27.482247,-82.623368
7-Eleven,3.0,27.4963307174775,-82.6207239925861
Wicked Groovy Grill,2.3,27.4526634,-82.5664057
Checkers,2.1,27.390939,-82.505189
Stackd Cake Studio,2.4,27.53354411884047,-82.50104929999999
Hidden Lake Park,3.0,27.523239808130093,-82.58672540239081
The RibbMann,3.0,27.4918509583224,-82.5646008357478
Culver's,3.3,27.2495727539063,-82.514030456543
Mr R Tacos,4.7,27.43592,-82.5455
Five Star Pizza - Bradenton,3.8,27.4367161,-82.5964863
Bistro- Sarasota Art Museum,3.7,27.326112,-82.5294428
Chicken Salad Chick,3.9,27.444121478109743,-82.50592083334502
Freddy's Frozen Custard & Steakburgers,3.8,27.44360433548809,-82.46465753644452
Vesuvio  Wood Fired Pizza,5.0,27.326140114175487,-82.47241289610152
Starbucks,3.1,27.3374652,-82.5424902
Waffle Stop,3.2,27.3304,-82.53117
Healthy to Go,4.9,27.26023,-82.51582
Cipriano Cucina and Bar,3.8,27.44822,-82.59815
Gelato go,5.0,27.38457,-82.453122
Norman Love Confections,4.6,27.3899403,-82.4526593
The Parrot Patio Bar & Grill,3.7,27.44448,-82.4675
Kahwa Coffee,4.3,27.38998,-82.4412399
Gillespie Park,4.3,27.3432848459858,-82.5336816186498
Salty Jims Island Bar & Grill,4.4,27.309073078079823,-82.496534904496
Chili's,2.8,27.294083782079817,-82.53012509999999
Blue Pineapple Ice Cream,5.0,27.342699416294828,-82.49780490308012
Joyland Live - Sarasota,3.8,27.391339548729704,-82.5038873
Pizza Boy,1.0,28.622269,-81.438317
Performance Golf,1.0,28.6319484710693,-81.4017944335938
Trotters Park,3.0,28.600668,-81.410082
Bay Bluffs Park,3.1,30.45586,-87.16935
Beyond Van Gogh,2.3,30.472972,-87.311908
Dunkin',1.8,30.531729328026003,-87.31367081530334
Pizza Hut,1.5,30.40771559766863,-87.27582047443792
Exchange Park,4.0,30.43708,-87.17759
15:17 Cafe at Baptist,5.0,30.53401,-87.21885
Burger King,1.7,30.499904,-87.221197
Pollos El Gordo,4.0,30.39189163940827,-87.26316444575787
Plaza de Luna,3.2,30.402385896122897,-87.21283623891618
Little Caesars,3.0,30.43667,-87.27708
Big Easy Tavern & Cajun Cafe,1.0,30.421142625881895,-87.21703251288871
Great American Cookie,3.0,30.47509723369498,-87.20683990548508
Splash City Adventures,1.1,30.48807,-87.26167
Outdoor Gulf Coast,5.0,30.5337352752686,-87.2118606567383
China Max,2.2,30.4748614,-87.2075402
The Shack,5.0,30.5348663330078,-87.3257293701172
Tropical Smoothie Cafe,2.8,30.366297114552925,-87.17143608389108
Voices of Pensacola,5.0,30.409352,-87.2131717
Pizza Hut,2.3,30.498086,-87.171509
Cactus Flower Food Truck,4.0,30.445736,-87.204224
Aki Asian Fusion,4.0,41.022521,-73.775243
Flames Woodfired Pizza,3.6,41.05242,-73.81394
Olive Branch,2.9,41.0215516,-73.6264152
Dough Girls,4.8,41.0670166,-73.6182979
Tommy’s Trax Side Cafe,4.3,41.0519467767336,-73.7717077888665
Highridge Bagels,3.4,41.032005132954,-73.7880880013108
Enricos Pastry Shop,2.7,41.0117545602816,-73.7962075138133
Amy’s custom cupcakes Bit O Heaven,5.0,41.0354444,-73.7715958
Wendy's,2.1,41.094486,-73.814918
Conte's Fish Market and Restaurant,3.2,41.194851,-73.725443
China Garden,2.4,41.0335026,-73.7638078
New Great Wall,2.7,41.0412374,-73.7912232
O'Connor's Public House,2.9,41.03028,-73.76563
Domino's Pizza,2.4,41.21256,-73.72054
The Honey Baked Ham Company,3.2,41.020758,-73.797048
Tazza Cafe - Thornwood,3.7,41.11142987754609,-73.7738449203318
Wendy's,2.2,41.05746551211296,-73.8176089
Cold Stone Creamery,2.4,41.1363487243652,-73.7921981811523
What A Bagel Cafe,2.3,41.022596226577,-73.7596153345019
GlenArbor Golf Club,5.0,41.22598601437802,-73.6761931057668
Osteria Bel Sit,4.4,27.916303,-82.791782
The Violet Stone,4.1,27.7808389,-82.6620263
The Scott,4.5,27.77381,-82.63671
Lakeview Grill,3.9,27.95009,-82.77447
Pierogis & More,4.4,27.83504,-82.72806
La Diperie,4.9,27.77143922094921,-82.63911221176386
Benedict's Family Restaurant,4.2,27.91627,-82.79033
Mutts & Martinis,4.3,27.770614126982743,-82.67279162447808
DeLosa's Pizza,3.2,27.7854,-82.78194
Miller's Jamaican Spice Cuisine,4.5,27.7662558411214,-82.675677333453
Mr Sushi,4.1,27.7855780452155,-82.6803457268497
Pier Teaki,3.5,27.773958935845855,-82.62251537055293
Speakeasy Kava,4.5,27.8860460850349,-82.7630671486259
Hooters,3.1,27.9609323,-82.7212045
Greek Islands Restaurant,4.1,27.93085,-82.796056
Portillo's St Petersburg,3.6,27.792327,-82.729195
Madeira Beach,4.3,27.785148334596364,-82.78552585681815
Tequila's Mexican Grill & Cantina,3.4,27.9658092520093,-82.80032672944778
Keke's Breakfast Cafe - South Pasadena,4.1,27.75759,-82.734811
Fray's Donut House,4.0,27.7788387010931,-82.679134750617
Baires Grill,3.7,25.81999786573351,-80.33655379999999
Sergio's Restaurant,3.3,25.655695,-80.415112
Wawa,4.4,25.65673340359785,-80.41666288352184
Rice Mediterranean Kitchen,3.6,25.792705,-80.337609
Hungry Bear Sub Shop,4.5,25.80596,-80.3127
El Palacio De Los Jugos,2.6,25.7603931427002,-80.4274826049805
Churromania,3.8,25.69879,-80.43815
Tropicana Food By The Pound,4.7,25.7698949,-80.3302767
Crema Gourmet Espresso Bar,4.0,25.68741,-80.31269
Smoothie Spot -Tamiami,4.0,25.75959543735151,-80.4191816
Carolina Ale House - Gables,3.2,25.732762754575138,-80.30461393749609
Sushi Maki - Kendall,3.3,25.68707098880544,-80.38023435619061
